date_utc,headline,summary_80w,region,country,category,subtopic,capacity_MW,storage_MWh,project_stage,tariff_or_price_local,tariff_or_price_usd,entities,location,effective_date,impact_score_1to5,tags,source_name,source_url,reliability,notes
2026-10-07,Dutch BESS developer Giga Storage brings gigawatt-hour-scale project strategy to Germany,"Having just begun construction on a 2.8GWh BESS in Belgium, Giga Storage has progressed its 1.4GWh project in Germany to the ready-to-build stage.",Germany,DE,project,,0,0,NA,,,[],"{'state_or_länder': '', 'city': '', 'grid_zone': ''}",2026-10-07,5,"['utility-scale', 'storage']",Energy Storage News,https://www.energy-storage.news/dutch-bess-developer-giga-storage-brings-gigawatt-hour-scale-project-strategy-to-germany/,trade,
2026-10-07,"Clearway secures financing, starts construction on 650MW Missouri solar project",US clean energy developer Clearway Energy has closed financing and started construction on a 650MW solar project in Missouri.,Global,,project,,0,0,NA,,,[],"{'state_or_länder': '', 'city': '', 'grid_zone': ''}",2026-10-07,4,"['utility-scale', 'PV']",PV-Tech,https://www.pv-tech.org/clearway-secures-financing-starts-construction-on-650mw-missouri-solar-project/,trade,
2026-10-07,US solar industry to reflect on optimistic policy landscape at PV CellTech 2026,The US solar sector will discuss a policy landscape includes “a lot of good news” at next week's PV CellTech USA conference.,Global,,policy,,0,0,NA,,,[],"{'state_or_länder': '', 'city': '', 'grid_zone': ''}",2026-10-07,4,"['utility-scale', 'PV']",PV-Tech,https://www.pv-tech.org/us-solar-industry-reflect-optimistic-policy-landscape-pv-celltech-2026/,trade,
2026-10-07,"Yindjibarndi Energy Corporation lodges DA for 1,500MW hybrid project in Western Australia","Yindjibarndi Energy Corporation (YEC) has lodged the DA for the Baru Marnda Renewable Energy Project, featuring a 500MW solar PV power plant.",Global,,project,,0,0,NA,,,[],"{'state_or_länder': '', 'city': '', 'grid_zone': ''}",2026-10-07,4,"['utility-scale', 'PV+BESS', 'PV']",PV-Tech,https://www.pv-tech.org/yindjibarndi-energy-corporation-lodges-da-for-1500mw-hybrid-project-in-western-australia/,trade,
2026-10-07,"Sonnedix adds 54MW of Italian solar assets, taking operational portfolio above 1.3GW","Sonnedix acquires 54MW of Italian solar, while Sunrock and BGRE partner to assess 135MWp across Germany, France and the Netherlands.",Germany,DE,market,,0,0,NA,,,[],"{'state_or_länder': '', 'city': '', 'grid_zone': ''}",2026-10-07,3,"['utility-scale', 'PV']",PV-Tech,https://www.pv-tech.org/sonnedix-adds-54mw-of-italian-solar-assets-taking-operational-portfolio-above-1-3gw/,trade,
2026-10-07,Zelestra closes US$350 million financing at 203MW PV plant in Indiana backed by Meta,Independent power producer (IPP) Zelestra has closed a US$350 million credit facility for the 203 MW Reclamation Solar project in Indiana.,India,IN,project,,0,0,NA,,,[],"{'state_or_länder': '', 'city': '', 'grid_zone': ''}",2026-10-07,3,"['utility-scale', 'PV']",PV-Tech,https://www.pv-tech.org/zelestra-closes-us350-million-financing-at-203mw-pv-plant-in-indiana-backed-by-meta/,trade,
2026-10-07,DNV: Solar PV to become largest global contributor to electricity mix from 2031,"As solar PV continues to grow globally, the technology is set to become the largest contributor to the world’s electricity mix from 2031, according to a report from technical and safety expert DNV.",Global,,tech,,0,0,NA,,,[],"{'state_or_länder': '', 'city': '', 'grid_zone': ''}",2026-10-07,3,"['utility-scale', 'PV']",PV-Tech,https://www.pv-tech.org/dnv-solar-pv-largest-contributor-electricity-mix-2031/,trade,
2026-10-07,Bondada secures US$119.3 million EPC order for 270MW solar PV project in Maharashtra,"Bondada Engineering secures a US$119.3 million solar EPC order, while its subsidiary Onix IPP secures US$94.1 million in SBI financing.",India,IN,project,,0,0,NA,,,[],"{'state_or_länder': '', 'city': '', 'grid_zone': ''}",2026-10-07,3,"['utility-scale', 'PV']",PV-Tech,https://www.pv-tech.org/bondada-secures-us119-3-million-epc-order-for-270mw-solar-pv-project-in-maharashtra/,trade,
2026-10-07,How the SEIA-CCSA merger could ‘strengthen the voice’ of US solar advocacy,"The merger of SEIA and CCSA could be a 'great move' for both trade associations involved, according to industry veteran Yann Brandt.",Global,,market,,0,0,NA,,,[],"{'state_or_länder': '', 'city': '', 'grid_zone': ''}",2026-10-07,3,"['utility-scale', 'PV']",PV-Tech,https://www.pv-tech.org/seia-ccsa-merger-strengthen-the-voice-of-us-solar-advocacy/,trade,
2026-10-07,Chinese ESS shipments still growing strongly but financial performance starting to diverge,"The first half of the year saw mixed results among China's leading ESS suppliers, though generally the industry is still performing strongly, writes PV Tech ESS analyst Charlotte Gisbourne.",Global,,market,,0,0,NA,,,[],"{'state_or_länder': '', 'city': '', 'grid_zone': ''}",2026-10-07,3,"['utility-scale', 'PV']",Energy Storage News,https://www.energy-storage.news/chinese-ess-shipments-still-growing-strongly-but-financial-performance-starting-to-diverge/,trade,
2026-10-07,NextEra halts Long Island BESS operations over drinking water contamination concerns,"US energy holding company and project developer-owner NextEra Energy has suspended operations at two energy storage facilities in Long Island, New York, US.",Global,,project,,0,0,NA,,,[],"{'state_or_länder': '', 'city': '', 'grid_zone': ''}",2026-10-07,3,"['utility-scale', 'storage']",Energy Storage News,https://www.energy-storage.news/nextera-halts-long-island-bess-operations-over-drinking-water-contamination-concerns/,trade,
2026-10-07,"UK ROUNDUP: Gore Street shareholder vote maintains status quo, CIP and BW ESS progress 4-hour duration assets",UK market's shifting dynamics see listed fund Gore Street's shareholders take key vote while CIP and BW ESS progress 4-hour duration battery storage assets at significant scale.,Global,,tech,,0,0,NA,,,[],"{'state_or_länder': '', 'city': '', 'grid_zone': ''}",2026-10-07,3,"['utility-scale', 'storage']",Energy Storage News,https://www.energy-storage.news/uk-roundup-gore-street-shareholder-vote-maintains-status-quo-cip-and-bw-ess-progress-4-hour-duration-assets/,trade,
2026-10-07,"Hithium’s ∞Cell N785Ah vs CATL, HiNa, and its own LFP range: a sodium-ion comparison for BESS","Hithium's recent sodium-ion battery and BESS product launch is the latest in a long line of announcements showing an inflection point for the battery chemistry. But how do its new products compare to other sodium-ion systems out there, and to its own LFP offering?",Global,,tech,,0,0,NA,,,[],"{'state_or_länder': '', 'city': '', 'grid_zone': ''}",2026-10-07,3,"['utility-scale', 'storage']",Energy Storage News,https://www.energy-storage.news/hithiums-%e2%88%9ecell-n785ah-vs-catl-hina-and-its-own-lfp-range-a-sodium-ion-comparison-for-bess/,trade,
2026-10-07,BW ESS starts building 828MWh BESS in Italy as ‘market moves to execution’,"BESS owner-operator BW ESS has launched construction on its second large-scale project in Italy in the space of a month, while developers Galileo and Aura Power have progressed portfolios in the country.",Global,,project,,0,0,NA,,,[],"{'state_or_länder': '', 'city': '', 'grid_zone': ''}",2026-10-07,3,"['utility-scale', 'storage']",Energy Storage News,https://www.energy-storage.news/bw-ess-starts-building-828mwh-bess-italy-market-moves-execution/,trade,
2026-10-07,EDF Power Solutions Australia refers 800MWh wind-plus-storage site to EPBC Act,EDF Power Solutions Australia has referred a wind-plus-storage project featuring an 800MWh BESS for assessment under Australia's EPBC Act.,Global,,project,,0,0,NA,,,[],"{'state_or_länder': '', 'city': '', 'grid_zone': ''}",2026-10-07,3,"['utility-scale', 'wind', 'storage']",Energy Storage News,https://www.energy-storage.news/edf-power-solutions-australia-refers-800mwh-wind-plus-storage-site-to-epbc-act/,trade,
2026-10-06,Atmos Renewables closes financing on 1.6GWh Capacity Investment Scheme-backed battery storage system in Australia,"Atmos Renewables has reached financial close on the 400MW/1,600MWh Teebar battery energy storage system (BESS) in Queensland, Australia.",Global,,tech,,0,0,NA,,,[],"{'state_or_länder': '', 'city': '', 'grid_zone': ''}",2026-10-06,4,"['utility-scale', 'storage']",Energy Storage News,https://www.energy-storage.news/atmos-renewables-closes-financing-on-1-6gwh-capacity-investment-scheme-backed-battery-storage-system-in-australia/,trade,
2026-10-06,CIP refinances MaxSolar’s 1.3GW renewable energy portfolio in Germany,The refinancing deal will allow MaxSolar to build a portfolio of around 1.3GW of renewable energy capacity.,Germany,DE,market,,0,0,NA,,,[],"{'state_or_länder': '', 'city': '', 'grid_zone': ''}",2026-10-06,3,"['utility-scale', 'PV']",PV-Tech,https://www.pv-tech.org/cip-refinances-maxsolars-1-3gw-renewable-energy-portfolio-in-germany/,trade,
2026-10-06,Saudi 250MW solar PV site is base for endangered species breeding programme,A 250MW solar park in the Prince Mohammed bin Salman Royal Reserve will be the site of a scheme to reintroduce endangered sand gazelles into the wild.,Global,,market,,0,0,NA,,,[],"{'state_or_länder': '', 'city': '', 'grid_zone': ''}",2026-10-06,3,"['utility-scale', 'PV']",PV-Tech,https://www.pv-tech.org/saudi-250mw-solar-pv-site-is-base-for-endangered-species-breeding-programme/,trade,
2026-10-06,Quality issues raise PV systems’ LCOE more than 20% – HelioVolta,"Poor solar PV project quality can increase the levelised cost of energy of a PV system by more than 20%, according to a report by HelioVolta.",Global,,project,,0,0,NA,,,[],"{'state_or_länder': '', 'city': '', 'grid_zone': ''}",2026-10-06,3,"['utility-scale', 'PV']",PV-Tech,https://www.pv-tech.org/quality-issues-raise-pv-systems-lcoe-more-than-20-heliovolta/,trade,
2026-10-06,Vertical bifacial PV specialist Next2Sun files for insolvency for two subsidiaries,Germany’s vertical bifacial PV specialist Next2Sun has filed for the initiation of insolvency proceedings under self-administration for parts of the company.,Germany,DE,market,,0,0,NA,,,[],"{'state_or_länder': '', 'city': '', 'grid_zone': ''}",2026-10-06,3,"['utility-scale', 'PV']",PV-Tech,https://www.pv-tech.org/vertical-bifacial-pv-specialist-next2sun-files-for-insolvency-for-two-subsidiaries/,trade,
2026-10-06,Australia’s utility PV curtailment drops to 22% in September as renewables output hits 5.44TWh,Australia's utility-scale solar and wind assets generated a combined 5.44TWh across the NEM in September 2026.,Global,,grid,,0,0,NA,,,[],"{'state_or_länder': '', 'city': '', 'grid_zone': ''}",2026-10-06,3,"['utility-scale', 'wind', 'PV']",PV-Tech,https://www.pv-tech.org/australias-utility-pv-curtailment-drops-to-22-in-september-as-renewables-output-hits-5-44twh/,trade,
2026-10-06,"NEM Data Spotlight: Solar output hits 4,780GWh in September with rooftop generation up 31%","Australia's NEM recorded a combined 4,780GWh of solar generation in September 2026: 1,805GWh from utility-scale and 2,975GWh from rooftop.",Global,,market,,0,0,NA,,,[],"{'state_or_länder': '', 'city': '', 'grid_zone': ''}",2026-10-06,3,"['utility-scale', 'PV']",PV-Tech,https://www.pv-tech.org/nem-data-spotlight-solar-output-hits-4780gwh-in-september-with-rooftop-generation-up-31/,trade,
2026-10-06,Canadian Solar’s e-STORAGE to deliver 200MWh BESS for Australian solar-plus-storage site,e-STORAGE has signed an agreement to supply and commission a 100MW/200MWh BESS for OX2's Muswellbrook solar-plus-storage site in Australia.,Global,,project,,0,0,NA,,,[],"{'state_or_länder': '', 'city': '', 'grid_zone': ''}",2026-10-06,3,"['utility-scale', 'PV', 'storage']",Energy Storage News,https://www.energy-storage.news/canadian-solars-e-storage-to-deliver-200mwh-bess-for-australian-solar-plus-storage-site/,trade,
2026-10-06,Linea Energy closes financing for 500MWh Texas BESS project,"IPP Linea Energy has closed a debt financing and preferred equity commitment for its 250MW/500MWh Mesa View energy storage project in Upton County, Texas, US.",Global,,project,,0,0,NA,,,[],"{'state_or_länder': '', 'city': '', 'grid_zone': ''}",2026-10-06,3,"['utility-scale', 'storage']",Energy Storage News,https://www.energy-storage.news/linea-energy-closes-financing-for-500mwh-texas-bess-project/,trade,
2026-10-06,"Antora Energy announces 5.8GWh ‘multi-day’ thermal energy storage project in Kansas, US","Thermal energy storage (TES) technology provider Antora Energy has announced a 5.8GWh “multi-day” TES project at Pratt Energy’s biorefinery in Pratt, Kansas, US.",Global,,project,,0,0,NA,,,[],"{'state_or_länder': '', 'city': '', 'grid_zone': ''}",2026-10-06,3,"['utility-scale', 'storage']",Energy Storage News,https://www.energy-storage.news/antora-energy-announces-5-8gwh-multi-day-thermal-energy-storage-project-in-kansas-us/,trade,
2026-10-06,Valo’s Steve Merrick on why accurate state of charge estimation remains energy storage’s ‘unsolved problem’,"Inaccurate state of charge (SOC) measurements can cost battery energy storage system (BESS) operators up to 15% in lost revenue, a persistent issue despite advances in monitoring technology.",Global,,tech,,0,0,NA,,,[],"{'state_or_länder': '', 'city': '', 'grid_zone': ''}",2026-10-06,3,"['utility-scale', 'storage']",Energy Storage News,https://www.energy-storage.news/valos-steve-merrick-on-why-accurate-state-of-charge-estimation-remains-energy-storages-unsolved-problem/,trade,
2026-10-06,"Build your BESS against future energy scenarios, not today’s price curves – IPP",BESS operators should be planning their projects against different locational price and charging regimes of the future rather than solely against the current revenue opportunities.,Global,,project,,0,0,NA,,,[],"{'state_or_länder': '', 'city': '', 'grid_zone': ''}",2026-10-06,3,"['utility-scale', 'storage']",Energy Storage News,https://www.energy-storage.news/build-your-bess-against-future-energy-scenarios-not-todays-price-curves-ipp/,trade,
2026-10-06,"Mixed stock market listing fortunes for energy storage technology firms ESS Inc, ZincFive and InoBat",Share listing news from three energy storage startups with different areas of specialisation speaks to the ups and downs of going public.,Global,,tech,,0,0,NA,,,[],"{'state_or_länder': '', 'city': '', 'grid_zone': ''}",2026-10-06,3,"['utility-scale', 'storage']",Energy Storage News,https://www.energy-storage.news/mixed-stock-market-listing-fortunes-for-energy-storage-technology-firms-ess-inc-zincfive-and-inobat/,trade,
2026-10-06,Zelestra and EDP expand solar-plus-storage PPA partnership with another 462MWh of batteries in Spain,"IPP Zelestra and power firm and utility EDP have agreed two new hybrid PPAs in Spain, adding 181MWdc of solar and 462MWh BESS to their existing co-operation.",Global,,market,,0,0,NA,,,[],"{'state_or_länder': '', 'city': '', 'grid_zone': ''}",2026-10-06,3,"['utility-scale', 'PV+BESS', 'PV', 'storage']",Energy Storage News,https://www.energy-storage.news/zelestra-and-edp-expand-solar-plus-storage-ppa-partnership-with-another-462mwh-of-batteries-in-spain/,trade,
2026-10-06,"Sumitomo Corporation invests in Hero Future Energies’ solar-wind-storage hybrid in Karnataka, India","Japanese trading company Sumitomo Corporation has invested in a utility-scale renewable energy park combining solar PV, wind and energy storage in India.",India,IN,market,,0,0,NA,,,[],"{'state_or_länder': '', 'city': '', 'grid_zone': ''}",2026-10-06,3,"['utility-scale', 'PV+BESS', 'wind', 'PV', 'storage']",Energy Storage News,https://www.energy-storage.news/sumitomo-corporation-invests-in-hero-future-energies-solar-wind-storage-hybrid-in-karnataka-india/,trade,
2026-10-06,"Australia’s NEM battery storage fleet earns AU$88.91 million in Q3, with five days delivering 15% of revenue",Australia's 59 grid-scale BESS earned a combined AU$88.91 million in estimated gross energy and FCAS market revenue in the NEM.,Global,,tech,,0,0,NA,,,[],"{'state_or_länder': '', 'city': '', 'grid_zone': ''}",2026-10-06,3,"['utility-scale', 'storage']",Energy Storage News,https://www.energy-storage.news/australias-nem-battery-storage-fleet-earns-au88-91-million-in-q3-with-five-days-delivering-15-of-revenue/,trade,
2026-10-06,Australia’s Origin Energy targets building ‘Southern Hemisphere’s largest battery storage complex’,"Origin Energy has referred a new BESS project, Eraring BESS North, for assessment under Australia's EPBC Act.",Global,,project,,0,0,NA,,,[],"{'state_or_länder': '', 'city': '', 'grid_zone': ''}",2026-10-06,3,"['utility-scale', 'storage']",Energy Storage News,https://www.energy-storage.news/australias-origin-energy-targets-building-southern-hemispheres-largest-battery-storage-complex/,trade,
2026-10-05,Sumitomo invests in 500MW/200MWh solar-wind-storage project in India,"Japanese trading company Sumitomo has invested in a utility-scale renewable energy park combining solar PV, wind and energy storage in India.",India,IN,project,,0,0,NA,,,[],"{'state_or_länder': '', 'city': '', 'grid_zone': ''}",2026-10-05,4,"['utility-scale', 'wind', 'PV', 'storage']",PV-Tech,https://www.pv-tech.org/sumitomo-invests-in-500mw-200mwh-solar-wind-storage-project-in-india/,trade,
2026-10-05,Maryland conditionally approves 440MW of BESS for state ‘Capacity Credit’ awards,Maryland has conditionally selected two transmission-connected energy storage projects to receive Energy Storage Capacity Credit awards in the US state.,Global,,project,,0,0,NA,,,[],"{'state_or_länder': '', 'city': '', 'grid_zone': ''}",2026-10-05,4,"['utility-scale', 'storage']",Energy Storage News,https://www.energy-storage.news/maryland-conditionally-approves-440mw-of-bess-for-state-capacity-credit-awards/,trade,
2026-10-05,Statkraft and Greenvolt sign largest EU battery energy storage tolling agreement for projects in Poland,Statkraft and Greenvolt Power have signed a 10-year tolling agreement covering 400MW of BESS across two operating projects in Poland.,Europe,EU,project,,0,0,NA,,,[],"{'state_or_länder': '', 'city': '', 'grid_zone': ''}",2026-10-05,4,"['utility-scale', 'storage']",Energy Storage News,https://www.energy-storage.news/statkraft-and-greenvolt-sign-largest-eu-battery-energy-storage-tolling-agreement-for-projects-in-poland/,trade,
2026-10-05,Enel finalises 270MW US solar PV portfolio acquisition,"Enel has completed the acquisition of seven PV sites in the Southern US, via its wholly-owned subsidiary, Enel Green Power North America.",Global,,market,,0,0,NA,,,[],"{'state_or_länder': '', 'city': '', 'grid_zone': ''}",2026-10-05,3,"['utility-scale', 'PV']",PV-Tech,https://www.pv-tech.org/enel-finalises-270mw-us-solar-pv-portfolio-acquisition/,trade,
2026-10-05,"US FINANCE ROUND-UP: Maxwell, CleanChoice and Lydian receive investments totalling US$1.3 billion","A round-up of the latest financing news from the US PV industry, with Maxwell Power, CleanChoice Energy and Lydian Energy securing a combined US$1.3 billion.",Global,,market,,0,0,NA,,,[],"{'state_or_länder': '', 'city': '', 'grid_zone': ''}",2026-10-05,3,"['utility-scale', 'PV']",PV-Tech,https://www.pv-tech.org/us-finance-round-up-maxwell-cleanchoice-and-lydian-receive-investments-totalling-us1-3-billion/,trade,
2026-10-05,Waaree Energies commissions 1.1GW PV inverter nameplate capacity,"Waaree Power Private Limited, a wholly owned subsidiary of Indian PV cell and module manufacturer Waaree Energies, has started commercial operations at a 1.1GW solar inverter manufacturing line.",India,IN,project,,0,0,NA,,,[],"{'state_or_länder': '', 'city': '', 'grid_zone': ''}",2026-10-05,3,"['utility-scale', 'PV']",PV-Tech,https://www.pv-tech.org/waaree-energies-commissions-1-1gw-pv-inverter-nameplate-capacity/,trade,
2026-10-05,Tandem PV wants to ‘leapfrog’ perovskite from Silicon Valley to the mainstream,"PV Tech sits down with Scott Wharton, CEO of Tandem PV, to discuss its plans for perovskite tandem solar modules and its roots in Silicon Valley.",Global,,tech,,0,0,NA,,,[],"{'state_or_länder': '', 'city': '', 'grid_zone': ''}",2026-10-05,3,"['utility-scale', 'PV']",PV-Tech,https://www.pv-tech.org/tandem-pv-wants-to-leapfrog-perovskite-from-silicon-valley-to-the-mainstream/,trade,
2026-10-05,DTE Energy completes construction at 100MW solar PV plant in Michigan,Michigan utility DTE Energy has finished construction of its 100MW Cold Creek Solar Park in the US state of Michigan.,Global,,project,,0,0,NA,,,[],"{'state_or_länder': '', 'city': '', 'grid_zone': ''}",2026-10-05,3,"['utility-scale', 'PV']",PV-Tech,https://www.pv-tech.org/dte-energy-completes-construction-at-100mw-solar-pv-plant-in-michigan/,trade,
2026-10-05,Regulation remains Latin America’s main challenge for BESS’ growth,Energy-storage.news spoke with Valentina Meneses at Americas Market Intelligence about emerging markets in Latin America and BESS challenge.,Global,,policy,,0,0,NA,,,[],"{'state_or_länder': '', 'city': '', 'grid_zone': ''}",2026-10-05,3,"['utility-scale', 'storage']",Energy Storage News,https://www.energy-storage.news/regulation-remains-latin-americas-main-challenge-for-bess-growth/,trade,
2026-10-05,US Senators propose bipartisan permitting reforms to mixed response from clean energy groups,A US Senate bill proposing to speed up permitting for energy projects has received a mixed response from clean energy industry and advocacy groups.,Global,,project,,0,0,NA,,,[],"{'state_or_länder': '', 'city': '', 'grid_zone': ''}",2026-10-05,3,['utility-scale'],Energy Storage News,https://www.energy-storage.news/us-senators-propose-bipartisan-permitting-reforms-to-mixed-response-from-clean-energy-groups/,trade,
2026-10-05,"ICYMI: Grid Codes, grid-forming, cybersecurity and, of course, data centres in our picks of last week’s coverage","Join us for In Case You Missed It (ICYMI), our weekly recap of thought-provoking and potentially game-changing news.",Global,,project,,0,0,NA,,,[],"{'state_or_länder': '', 'city': '', 'grid_zone': ''}",2026-10-05,3,['utility-scale'],Energy Storage News,https://www.energy-storage.news/icymi-grid-codes-grid-forming-cybersecurity-and-of-course-data-centres-in-our-picks-of-last-weeks-coverage/,trade,
2026-10-05,India’s BESS ambition: From import dependence to manufacturing scale,"Debmalya Sen, president of the India Energy Storage Alliance (IESA), on a dynamic market landscape of tenders, tariffs and the race to build a domestic battery storage ecosystem.",India,IN,tender,,0,0,NA,,,[],"{'state_or_länder': '', 'city': '', 'grid_zone': ''}",2026-10-05,3,"['utility-scale', 'storage']",Energy Storage News,https://www.energy-storage.news/indias-bess-ambition-from-import-dependence-to-manufacturing-scale/,trade,
2026-10-02,"Best of the Week: US policy drives manufacturing, why PV DC connector failures are a challenge and Linton sues Jingsheng","Welcome to the PV Tech Best of the Week roundup, covering the week’s biggest stories from the global solar PV industry.",Global,,policy,,0,0,NA,,,[],"{'state_or_länder': '', 'city': '', 'grid_zone': ''}",2026-10-02,4,"['utility-scale', 'PV']",PV-Tech,https://www.pv-tech.org/best-of-the-week-us-policy-drives-manufacturing-dc-connector-failures-linton-sues-jingsheng/,trade,
2026-10-02,ContourGlobal completes construction at 324MW solar PV complex in Colorado,Independent power producer (IPP) ContourGlobal and community-owned public power utility Platte River Power Authority have completed construction of a 324MW solar PV complex in the US state of Colorado.,Global,,project,,0,0,NA,,,[],"{'state_or_länder': '', 'city': '', 'grid_zone': ''}",2026-10-02,4,"['utility-scale', 'PV']",PV-Tech,https://www.pv-tech.org/contourglobal-completes-construction-at-324mw-solar-pv-complex-in-colorado/,trade,
2026-10-02,New South Wales grants approval to BayWa r.e.’s Bullawah hybrid wind and battery project in Australia,"NSW's IPC has approved BayWa r.e.'s Bullawah Wind Farm, pairing 804MW of wind with a 718MWh battery in the South West REZ.",Global,,project,,0,0,NA,,,[],"{'state_or_länder': '', 'city': '', 'grid_zone': ''}",2026-10-02,4,"['utility-scale', 'PV+BESS', 'wind', 'storage']",Energy Storage News,https://www.energy-storage.news/bullawah-wind-farm-approved-718mwh-battery-nsw/,trade,
2026-10-02,Navigating the quality challenges of US module procurement,The US solar industry is contending with variable module quality as new suppliers jostle to serve this lucrative market.,Global,,tech,,0,0,NA,,,[],"{'state_or_länder': '', 'city': '', 'grid_zone': ''}",2026-10-02,3,"['utility-scale', 'PV']",PV-Tech,https://www.pv-tech.org/navigating-the-quality-challenges-us-module-procurement/,trade,
2026-10-02,"Germany sitting on 600,000 tonnes of solar PV waste by 2030","Germany is on course to produce over 600,000 tonnes of solar PV waste material by 2030, potentially worth billions in aluminium and silver.",Germany,DE,market,,0,0,NA,,,[],"{'state_or_länder': '', 'city': '', 'grid_zone': ''}",2026-10-02,3,"['utility-scale', 'PV']",PV-Tech,https://www.pv-tech.org/germany-sitting-on-600000-tonnes-solar-pv-waste-by-2030/,trade,
2026-10-02,"Renalfa IPP, Eurowind inaugurate 242MW solar-plus-storage project in Bulgaria",Renalfa IPP and Danish renewables developer Eurowind Energy have began commercial operations at a 242MWp solar-plus-storage hybrid park in Bulgaria.,Global,,project,,0,0,NA,,,[],"{'state_or_länder': '', 'city': '', 'grid_zone': ''}",2026-10-02,3,"['utility-scale', 'PV+BESS', 'PV', 'storage']",PV-Tech,https://www.pv-tech.org/renalfa-ipp-eurowind-inaugurate-242mw-bulgaria-solar-plus-storage-project/,trade,
2026-10-02,First Solar files TOPCon patent infringement lawsuit against JA and Corning subsidiary,"First Solar has filed a patent lawsuit against JA and some of its subsidiaries, as well as American Panel Solutions, a wholly-owned subsidiary of Corning.",Global,,market,,0,0,NA,,,[],"{'state_or_länder': '', 'city': '', 'grid_zone': ''}",2026-10-02,3,"['utility-scale', 'PV']",PV-Tech,https://www.pv-tech.org/first-solar-files-topcon-patent-infringement-lawsuit-against-ja-and-corning-subsidiary/,trade,
2026-10-02,"Alight acquires 2GW Swedish solar PV, energy storage pipeline from Soltech",Alight has acquired a portfolio of 40 utility-scale solar projects in southern Sweden from Soltech Energy Solutions.,Global,,project,,0,0,NA,,,[],"{'state_or_länder': '', 'city': '', 'grid_zone': ''}",2026-10-02,3,"['utility-scale', 'PV', 'storage']",PV-Tech,https://www.pv-tech.org/alight-acquires-2gw-swedish-solar-pv-energy-storage-pipeline-from-soltech/,trade,
2026-10-02,ACI Materials wants to bring silver solar paste back to the US with its ‘secret sauce’,PV Talk: PV Tech spoke with Dana Hankey about restarting ACI Materials' silver paste production for US solar manufacturing.,Global,,market,,0,0,NA,,,[],"{'state_or_länder': '', 'city': '', 'grid_zone': ''}",2026-10-02,3,"['utility-scale', 'PV']",PV-Tech,https://www.pv-tech.org/aci-materials-wants-to-bring-silver-solar-paste-back-to-the-us-with-its-secret-sauce/,trade,
2026-10-02,India approves US$19.3 billion Green Energy Corridor Phase III with 50GWh BESS,"India's Union Cabinet has approved US$ 19.3 billion Green Energy Corridor, including US$ 5.2 billion for 50GWh BESS through FY2032-33.",India,IN,market,,0,0,NA,,,[],"{'state_or_länder': '', 'city': '', 'grid_zone': ''}",2026-10-02,3,"['utility-scale', 'storage']",Energy Storage News,https://www.energy-storage.news/india-approves-us19-3-billion-green-energy-corridor-phase-iii-with-50gwh-bess/,trade,
2026-10-02,"California Governor Newsom signs VPP and balcony solar bills, vetoes community solar legislation","Outgoing California Governor Gavin Newsom recenty addressed approximately 1,200 bills, including several energy storage and solar related bills that were either approved or vetoed.",Global,,market,,0,0,NA,,,[],"{'state_or_länder': '', 'city': '', 'grid_zone': ''}",2026-10-02,3,"['utility-scale', 'PV', 'storage']",Energy Storage News,https://www.energy-storage.news/california-governor-newsom-signs-vpp-and-balcony-solar-bills-vetoes-community-solar-legislation/,trade,
2026-10-02,"BESS Industry Buzz: ERCOT economics, Google’s hourly matching pilot and the world’s most dense BESS blocks","Welcome to another edition of hot takes, snap analysis, gossip and of course, valuable insights from the LinkedIn feeds of energy storage and electricity insiders.",Global,,market,,0,0,NA,,,[],"{'state_or_länder': '', 'city': '', 'grid_zone': ''}",2026-10-02,3,"['utility-scale', 'storage']",Energy Storage News,https://www.energy-storage.news/bess-industry-buzz-ercot-economics-googles-hourly-matching-pilot-and-the-worlds-most-dense-bess-blocks/,trade,
2026-10-02,"Renalfa IPP, Eurowind inaugurate solar-plus-storage hybrid renewable energy park in Bulgaria","Renalfa IPP and Eurowind have brought a large-scale hybrid renewables project, featuring 242MWp of solar PV and 773MWh of battery storage, into commercial operation in Bulgaria.",Global,,project,,0,0,NA,,,[],"{'state_or_länder': '', 'city': '', 'grid_zone': ''}",2026-10-02,3,"['utility-scale', 'PV+BESS', 'PV', 'storage']",Energy Storage News,https://www.energy-storage.news/renalfa-ipp-eurowind-inaugurate-solar-plus-storage-hybrid-renewable-energy-park-in-bulgaria/,trade,
2026-10-02,Technical availability central to maximising BESS returns: Varco Energy talks UK asset management,"Elliot Squire, senior asset manager for Varco Energy, discusses current and future trends in battery storage.",Global,,tech,,0,0,NA,,,[],"{'state_or_länder': '', 'city': '', 'grid_zone': ''}",2026-10-02,3,"['utility-scale', 'storage']",Energy Storage News,https://www.energy-storage.news/technical-availability-maximising-bess-returns-varco-energ-uk-asset-management/,trade,
2026-10-02,Canada’s Northland Power closes financing on 1.2GWh of CM-contracted BESS projects in Poland,Northland Power has closed financing on two large-scale battery energy storage system (BESS) projects in Poland.,Global,,project,,0,0,NA,,,[],"{'state_or_länder': '', 'city': '', 'grid_zone': ''}",2026-10-02,3,"['utility-scale', 'storage']",Energy Storage News,https://www.energy-storage.news/canadas-northland-power-closes-financing-on-1-2gwh-of-cm-contracted-bess-projects-in-poland/,trade,
2026-10-02,"Fu-Gen, Nala Renewables close 100MW BESS deal in Finland","Fu-Gen has sold a 100MW ready-to-build battery storage project in Finland to Nala Renewables, extending their Nordic BESS pipeline to 275MW.",Global,,project,,0,0,NA,,,[],"{'state_or_länder': '', 'city': '', 'grid_zone': ''}",2026-10-02,3,"['utility-scale', 'storage']",Energy Storage News,https://www.energy-storage.news/fu-gen-nala-renewables-close-100mw-bess-finland/,trade,
2026-10-01,X-Elio starts commercial operations at 368MW Spanish solar PV project,"X-Elio has started commercial operations at the 368MW Lorca Solar project in Spain, its largest in the country.",Global,,project,,0,0,NA,,,[],"{'state_or_länder': '', 'city': '', 'grid_zone': ''}",2026-10-01,4,"['utility-scale', 'PV']",PV-Tech,https://www.pv-tech.org/x-elio-starts-commercial-operations-368mw-spanish-solar-pv-project/,trade,
2026-10-01,TurningPoint Energy energises third community solar project in 30MW Delaware portfolio,"TurningPoint Energy has energised a 2.1MWac community solar project in Georgetown, Delaware, third of six in 30MWdc portfolio.",Global,,project,,0,0,NA,,,[],"{'state_or_länder': '', 'city': '', 'grid_zone': ''}",2026-10-01,3,"['utility-scale', 'PV']",PV-Tech,https://www.pv-tech.org/turningpoint-energy-energises-third-community-solar-project-in-30mw-delaware-portfolio/,trade,
2026-10-01,PV Chart of the Week: European inverter manufacturing forecast to increase in 2027 as utilisation rate drops,"This week's PV Chart of the Week looks at the breakdown in European inverter manufacturing production, capacity and supply until 2027.",Europe,EU,tech,,0,0,NA,,,[],"{'state_or_länder': '', 'city': '', 'grid_zone': ''}",2026-10-01,3,"['utility-scale', 'PV']",PV-Tech,https://www.pv-tech.org/pv-chart-of-the-week-european-inverter-manufacturing-forecast-to-increase-in-2027-as-utilisation-rate-drops/,trade,
2026-10-01,US planning reform bill gets mixed response from clean energy groups,A US Senate bill proposing to speed up the permitting process for energy projects has received a mixed response from clean energy industry and advocacy groups.,Global,,project,,0,0,NA,,,[],"{'state_or_länder': '', 'city': '', 'grid_zone': ''}",2026-10-01,3,['utility-scale'],PV-Tech,https://www.pv-tech.org/us-planning-reform-bill-gets-mixed-response-from-clean-energy-groups/,trade,
2026-10-01,Cox secures financing for 75.2MW solar project in Guatemala,Spanish energy and water infrastructure group Cox has secured financing for a 75.2MWp solar project in Guatemala.,Global,,project,,0,0,NA,,,[],"{'state_or_länder': '', 'city': '', 'grid_zone': ''}",2026-10-01,3,"['utility-scale', 'PV']",PV-Tech,https://www.pv-tech.org/cox-secures-financing-for-75-2mw-solar-project-in-guatemala/,trade,
2026-10-01,Tongwei unveils TNC 2.0 FULLX G12R-48 module targeting premium residential solar market,"To explore the technology, design philosophy, and real-world implications of this latest innovation, we spoke with Zander Yuan, Director of Product &#038; Technology at Tongwei Solar.",Global,,tech,,0,0,NA,,,[],"{'state_or_länder': '', 'city': '', 'grid_zone': ''}",2026-10-01,3,"['utility-scale', 'PV']",PV-Tech,https://www.pv-tech.org/tongwei-tnc-2-0-fullx-module-targeting-premium-residential-solar-market/,trade,
2026-10-01,Major US partnerships may signal battery storage’s infrastructure era,"Battery energy storage systems (BESS) are increasingly being positioned as essential infrastructure investments rather than purely financial assets, as seen in a series of strategic partnerships announced in late September that integrate storage with broader energy and digital infrastructure strategies.",Global,,tech,,0,0,NA,,,[],"{'state_or_länder': '', 'city': '', 'grid_zone': ''}",2026-10-01,3,"['utility-scale', 'storage']",Energy Storage News,https://www.energy-storage.news/major-us-partnerships-may-signal-battery-storages-infrastructure-era/,trade,
2026-10-01,Maharashtra’s regulator proposes mandatory BESS for renewable projects seeking grid connectivity in Indian state,Maharashtra's electricity regulator has proposed mandatory BESS for renewable projects seeking grid connectivity.,India,IN,project,,0,0,NA,,,[],"{'state_or_länder': '', 'city': '', 'grid_zone': ''}",2026-10-01,3,"['utility-scale', 'storage']",Energy Storage News,https://www.energy-storage.news/maharashtras-regulator-proposes-mandatory-bess-for-renewable-projects-seeking-grid-connectivity-in-indian-state/,trade,
2026-10-01,Wärtsilä’s energy storage division rebrands through RCT Solutions joint venture,Update 2 October 2026: The financial impact of the write-down to Wärtsilä's full-year 2026 is expected to be significantly less than initially communicated.,Global,,market,,0,0,NA,,,[],"{'state_or_länder': '', 'city': '', 'grid_zone': ''}",2026-10-01,3,"['utility-scale', 'storage']",Energy Storage News,https://www.energy-storage.news/wartsilas-energy-storage-division-rebrands-through-rct-solar-joint-venture/,trade,
2026-10-01,California Energy Commission’s Noemí Gallardo on the state’s BESS expansion,"Energy-Storage.news spoke with Noemí Gallardo, Commissioner at the California Energy Commission (CEC), at the US Solar &#038; Storage Finance event in Garden Grove, California, about the growth of BESS within the state.",Global,,project,,0,0,NA,,,[],"{'state_or_länder': '', 'city': '', 'grid_zone': ''}",2026-10-01,3,"['utility-scale', 'PV', 'storage']",Energy Storage News,https://www.energy-storage.news/california-energy-commissions-noemi-gallardo-on-the-states-bess-expansion/,trade,
2026-10-01,"‘It will work, and it’ll be in Australia’: EORA Energy on the future of vanadium flow batteries",James Costello of EORA Energy discusses the shift from supplying battery technology to developing full energy infrastructure projects.,Global,,project,,0,0,NA,,,[],"{'state_or_länder': '', 'city': '', 'grid_zone': ''}",2026-10-01,3,"['utility-scale', 'storage']",Energy Storage News,https://www.energy-storage.news/it-will-work-and-itll-be-in-australia-eora-energy-on-the-future-of-vanadium-flow-batteries/,trade,
2026-10-01,Sungrow completes 108MW grid-forming battery storage system with black start capability in Cambodia,Sungrow has completed grid connection and full acceptance testing of a 108.4MW/215.6MWh grid-forming BESS in Cambodia.,Global,,tech,,0,0,NA,,,[],"{'state_or_länder': '', 'city': '', 'grid_zone': ''}",2026-10-01,3,"['utility-scale', 'storage']",Energy Storage News,https://www.energy-storage.news/sungrow-completes-108mw-grid-forming-battery-storage-system-with-black-start-capability-in-cambodia/,trade,
2026-10-01,Financial services group Orix builds 589MWh of BESS in Japan after securing first external investment,Orix Corporation has begun construction of its first battery storage projects to be supported by external investment.,Global,,project,,0,0,NA,,,[],"{'state_or_länder': '', 'city': '', 'grid_zone': ''}",2026-10-01,3,"['utility-scale', 'storage']",Energy Storage News,https://www.energy-storage.news/financial-services-group-orix-builds-589mwh-of-bess-in-japan-after-securing-first-external-investment/,trade,
2026-10-01,Queensland’s CleanCo credits battery storage boom as Australian state records 40% wholesale electricity price drop,"Queensland's average wholesale electricity price fell by 40% in the 2025-26 financial year, a drop CleanCo Queensland attributes to BESS.",Global,,price,,0,0,NA,,,[],"{'state_or_länder': '', 'city': '', 'grid_zone': ''}",2026-10-01,3,"['utility-scale', 'storage']",Energy Storage News,https://www.energy-storage.news/queenslands-cleanco-credits-battery-storage-boom-as-australian-state-records-40-wholesale-electricity-price-drop/,trade,
2026-09-30,Kern County approves 600MW/4GWh solar-plus-storage project from Terra-Gen in California,Kern County has approved US independent power producer (IPP) Terra-Gen’s 600MW solar and 4GWh battery storage project near California City.,Global,,project,,0,0,NA,,,[],"{'state_or_länder': '', 'city': '', 'grid_zone': ''}",2026-09-30,4,"['utility-scale', 'PV', 'storage']",PV-Tech,https://www.pv-tech.org/kern-county-approves-600mw-4gwh-solar-plus-storage-project-from-terra-gen-in-california/,trade,
2026-09-30,"US policy landscape has driven domestic manufacturing, but requires a more ‘holistic’ approach","US policy changes have reduced the country’s reliance on solar module imports from a number of Southeast Asian countries, writes Crux.",Global,,policy,,0,0,NA,,,[],"{'state_or_länder': '', 'city': '', 'grid_zone': ''}",2026-09-30,4,"['utility-scale', 'PV']",PV-Tech,https://www.pv-tech.org/us-policy-landscape-driven-domestic-manufacturing-holistic-approach/,trade,
2026-09-30,"Actis launches Indian renewable energy platform, targets 3GW of capacity","Actis has launched a new clean energy platform in India that will aim to operate more than 3GW of solar PV, onshore wind and BESS.",India,IN,market,,0,0,NA,,,[],"{'state_or_länder': '', 'city': '', 'grid_zone': ''}",2026-09-30,3,"['utility-scale', 'wind', 'PV', 'storage']",PV-Tech,https://www.pv-tech.org/actis-launches-indian-renewable-energy-platform-3gw-of-capacity/,trade,
2026-09-30,Exus acquires 715MWp solar portfolio from ibV Energy Partners in the US,Exus Renewables North America has acquired a four-project solar portfolio totalling 715MWp from ibV Energy Partners.,Global,,project,,0,0,NA,,,[],"{'state_or_länder': '', 'city': '', 'grid_zone': ''}",2026-09-30,3,"['utility-scale', 'PV']",PV-Tech,https://www.pv-tech.org/exus-acquires-715mwp-solar-portfolio-from-ibv-energy-partners-in-the-us/,trade,
2026-09-30,Rezolv Energy secures €561 million financing for Europe’s largest solar PV plant,Independent power producer Rezolv Energy has secured a €561 million (US$637 million) financing for its 1.3GWp Dama Solar project in Romania.,Europe,EU,project,,0,0,NA,,,[],"{'state_or_länder': '', 'city': '', 'grid_zone': ''}",2026-09-30,3,"['utility-scale', 'PV']",PV-Tech,https://www.pv-tech.org/rezolv-energy-secures-e561-million-financing-for-europes-largest-solar-pv-plant/,trade,
2026-09-30,"Heliene launches new solar rooftop module, secures supply agreement with Sunrun",Solar module manufacturer Heliene has launched a new all-black solar module targeting the rooftop solar market in the US.,Global,,tech,,0,0,NA,,,[],"{'state_or_länder': '', 'city': '', 'grid_zone': ''}",2026-09-30,3,"['utility-scale', 'PV']",PV-Tech,https://www.pv-tech.org/heliene-launches-new-solar-rooftop-module-secures-supply-agreement-with-sunrun/,trade,
2026-09-30,Solar Markt Group starts commercial operations at Hungary’s largest solar-plus-storage project,"The Solar Markt Group has started commercial operations at the Hódmezővásárhely facility, the largest hybrid power plant in Hungary.",Global,,project,,0,0,NA,,,[],"{'state_or_länder': '', 'city': '', 'grid_zone': ''}",2026-09-30,3,"['utility-scale', 'PV+BESS', 'PV', 'storage']",PV-Tech,https://www.pv-tech.org/solar-markt-group-starts-commercial-operations-hungarys-largest-solar-plus-storage-project/,trade,
2026-09-30,The illusion of simplicity: Why PV DC connector failures remain a persistent challenge,"In this contributed blog for PV Tech, Dr KT Tan, CTO of Viridian Solar, argues that DC connectors, though among the cheapest components in a PV installation, sit in the same dangerous blind spot as the low-cost parts blamed for catastrophic engineering failures like the Challenger and Columbia disasters.",Global,,market,,0,0,NA,,,[],"{'state_or_länder': '', 'city': '', 'grid_zone': ''}",2026-09-30,3,"['utility-scale', 'PV']",PV-Tech,https://www.pv-tech.org/the-illusion-of-simplicity-why-pv-dc-connector-failures-remain-a-persistent-challenge/,trade,
2026-09-30,"US utilities Ameren Missouri, DTE Energy in Michigan, and Black Hills Energy in Colorado submit IRPs with highlighted BESS additions","Three US utilities, Ameren Missouri, DTE Energy in Michigan, and Black Hills Energy in Colorado have recently submitted IRPs with highlighted BESS project additions.",Global,,project,,0,0,NA,,,[],"{'state_or_länder': '', 'city': '', 'grid_zone': ''}",2026-09-30,3,"['utility-scale', 'storage']",Energy Storage News,https://www.energy-storage.news/us-utilities-ameren-missouri-dte-energy-in-michigan-and-black-hills-energy-in-colorado-submit-irps-with-highlighted-bess-additions/,trade,
2026-09-30,Northland Power puts Canadian province of Alberta’s largest BESS into operation,"IPP Northland Power has announced that its 80MW/160MWh Jurassic energy storage project in Cypress County, Alberta, CA, has achieved commercial operations.",Global,,project,,0,0,NA,,,[],"{'state_or_länder': '', 'city': '', 'grid_zone': ''}",2026-09-30,3,"['utility-scale', 'storage']",Energy Storage News,https://www.energy-storage.news/northland-power-puts-canadian-province-of-albertas-largest-bess-into-operation/,trade,
2026-09-30,Volkswagen’s new LFP battery JVs with Gotion will adjust EV and BESS cell production split based on demand,"Gotion and Volkswagen AG will establish three joint ventures to manufacture lithium iron phosphate (LFP) batteries and battery materials in Valencia (Spain), Surany (Slovakia), and Kenitra (Morocco).",Global,,tech,,0,0,NA,,,[],"{'state_or_länder': '', 'city': '', 'grid_zone': ''}",2026-09-30,3,"['utility-scale', 'storage']",Energy Storage News,https://www.energy-storage.news/volkswagens-new-lfp-battery-jvs-with-gotion-will-adjust-ev-and-bess-cell-production-split-based-on-demand/,trade,
2026-09-30,"Availability: Why this BESS performance metric matters so much, and how to calculate it","Liam Critchley with an ESN Premium deep dive into availability, one of the most-discussed metrics in battery storage performance.",Global,,tech,,0,0,NA,,,[],"{'state_or_länder': '', 'city': '', 'grid_zone': ''}",2026-09-30,3,"['utility-scale', 'storage']",Energy Storage News,https://www.energy-storage.news/availability-why-this-bess-performance-metric-matters-so-much-and-how-to-calculate-it/,trade,
2026-09-30,Kerala: Indian state proposes five-year electricity tariff framework with new provisions for BESS,"Kerala has proposed a five-year tariff framework with rules for BESS, PSP, including efficiency, availability and grid-forming requirements.",India,IN,price,,0,0,NA,,,[],"{'state_or_länder': '', 'city': '', 'grid_zone': ''}",2026-09-30,3,"['utility-scale', 'storage']",Energy Storage News,https://www.energy-storage.news/kerala-indian-state-proposes-five-year-electricity-tariff-framework-with-new-provisions-for-bess/,trade,
2026-09-30,"Spain is making batteries a licensing condition for data centres, and nobody noticed","Spain's recent proposal for data centres could be the catalyst the country's energy storage market has been waiting for, argues Ignacio López Martín from developer Capflex Energía.",Global,,market,,0,0,NA,,,[],"{'state_or_länder': '', 'city': '', 'grid_zone': ''}",2026-09-30,3,"['utility-scale', 'storage']",Energy Storage News,https://www.energy-storage.news/spain-is-making-batteries-a-licensing-condition-for-data-centres-and-nobody-noticed/,trade,
2026-09-30,Gotion to supply 6GWh of battery storage for Saudi Arabia’s first utility-scale BESS tender,Gotion High-Tech has been named as the BESS supplier for three projects totalling 6GWh awarded to an ACWA Power consortium in Saudi Arabia.,Global,,tender,,0,0,NA,,,[],"{'state_or_länder': '', 'city': '', 'grid_zone': ''}",2026-09-30,3,"['utility-scale', 'storage']",Energy Storage News,https://www.energy-storage.news/gotion-to-supply-6gwh-of-battery-storage-for-saudi-arabias-first-utility-scale-bess-tender/,trade,
2026-09-30,"Australia: Energy Vault secures NSW approval for 1GWh BESS, TagEnergy submits 4GWh Victoria project","Two Australian battery storage developments advanced, both moving large-scale projects closer to construction through separate approval pathways.",Global,,project,,0,0,NA,,,[],"{'state_or_länder': '', 'city': '', 'grid_zone': ''}",2026-09-30,3,"['utility-scale', 'storage']",Energy Storage News,https://www.energy-storage.news/australia-energy-vault-secures-nsw-approval-for-1gwh-bess-tagenergy-submits-4gwh-victoria-project/,trade,
2026-09-30,FRV Australia completes first standalone BESS with 100MW/200MWh Terang project in Victoria,"FRV Australia has commissioned the 100MW/200MWh Terang battery storage system in Victoria, the company's first standalone storage project.",Global,,project,,0,0,NA,,,[],"{'state_or_länder': '', 'city': '', 'grid_zone': ''}",2026-09-30,3,"['utility-scale', 'storage']",Energy Storage News,https://www.energy-storage.news/frv-australia-completes-first-standalone-bess-with-100mw-200mwh-terang-project-in-victoria/,trade,
2026-09-29,Germany awards 480MW of solar-plus-storage in latest tender,"The German government has awarded contracts to 480MW worth of solar-plus-storage capacity in its latest public ""innovation"" tender.",Germany,DE,tender,,0,0,NA,,,[],"{'state_or_länder': '', 'city': '', 'grid_zone': ''}",2026-09-29,4,"['utility-scale', 'PV', 'storage']",PV-Tech,https://www.pv-tech.org/germany-awards-480mw-of-solar-plus-storage-in-latest-tender/,trade,
2026-09-29,"Apex Clean Energy sells minority stake in 339MW US solar, wind portfolio",Apex Clean Energy has sold a minority stake in a 339MW operational US solar PV and wind power project portfolio.,Global,,project,,0,0,NA,,,[],"{'state_or_länder': '', 'city': '', 'grid_zone': ''}",2026-09-29,4,"['utility-scale', 'wind', 'PV']",PV-Tech,https://www.pv-tech.org/apex-clean-energy-sells-minority-stake-in-339mw-us-solar-wind-portfolio/,trade,
2026-09-29,Linton sues Jingsheng in the US over alleged crystal growth patent infringement,Linton Crystal Technologies has filed a lawsuit accusing Jingsheng of infringing two of its Czochralski (Cz) crystal growth equipment patents.,Global,,market,,0,0,NA,,,[],"{'state_or_länder': '', 'city': '', 'grid_zone': ''}",2026-09-29,3,['utility-scale'],PV-Tech,https://www.pv-tech.org/linton-sues-jinsheng-us-alleged-crystal-growth-patent-infringement/,trade,
2026-09-29,"Neoen starts construction on 122MW solar PV portfolio in France, including agriPV and FPV",French independent power producer (IPP) Neoen has started construction on a 122MW solar PV portfolio in France.,Global,,project,,0,0,NA,,,[],"{'state_or_länder': '', 'city': '', 'grid_zone': ''}",2026-09-29,3,"['utility-scale', 'PV']",PV-Tech,https://www.pv-tech.org/neoen-starts-construction-on-122mw-solar-pv-portfolio-in-france-including-agripv-and-fpv/,trade,
2026-09-29,Anti-stockpiling rules ‘critical’ ahead of Section 232 tariffs on polysilicon imports to the US,PV Tech Premium hears from the US solar industry about the new limits placed on polysilicon imports ahead of the upcoming Section 232 rules.,Global,,price,,0,0,NA,,,[],"{'state_or_länder': '', 'city': '', 'grid_zone': ''}",2026-09-29,3,"['utility-scale', 'PV']",PV-Tech,https://www.pv-tech.org/anti-stockpiling-rules-critical-section-232-tariffs-polysilicon-imports-us/,trade,
2026-09-29,"PV-Storage giants debate how to break out of cutthroat competition: Technology breakthroughs, AI monetisation and compliant global expansion",Industry experts in China discussed at TÜV Rheinland's summit on how solar PV and energy storage industry can move beyond price competition.,Global,,price,,0,0,NA,,,[],"{'state_or_länder': '', 'city': '', 'grid_zone': ''}",2026-09-29,3,"['utility-scale', 'PV', 'storage']",PV-Tech,https://www.pv-tech.org/pv-storage-giants-debate-how-to-break-out-of-cutthroat-competition-technology-breakthroughs-ai-monetisation-and-compliant-global-expansion/,trade,
2026-09-29,SMA battery inverter first to win grid-forming certification for German inertia market,Inverter manufacturer SMA Solar Technology has become the first to be certified as capable of providing inertia to the German grid.,Germany,DE,tech,,0,0,NA,,,[],"{'state_or_länder': '', 'city': '', 'grid_zone': ''}",2026-09-29,3,"['utility-scale', 'PV', 'storage']",Energy Storage News,https://www.energy-storage.news/sma-battery-inverter-first-to-win-grid-forming-certification-for-german-inertia-market/,trade,
2026-09-28,"The global shift from central to string inverters: Market dynamics, regional strategies, and policy implications",PV Tech Research writes about the PV inverter technological shift between string and central inverters across the markets.,Global,,policy,,0,0,NA,,,[],"{'state_or_länder': '', 'city': '', 'grid_zone': ''}",2026-09-28,4,"['utility-scale', 'PV']",PV-Tech,https://www.pv-tech.org/the-global-shift-from-central-to-string-inverters-market-dynamics-regional-strategies-and-policy-implications/,trade,
2026-09-28,Elgin acquires ‘late-stage’ 200MW solar PV project in Ireland from GP Joule,"Elgin has acquired the Blackhall Solar Farm in County Meath, in the Republic of Ireland, from German energy supplier GP Joule.",Germany,DE,project,,0,0,NA,,,[],"{'state_or_länder': '', 'city': '', 'grid_zone': ''}",2026-09-28,3,"['utility-scale', 'PV']",PV-Tech,https://www.pv-tech.org/elgin-acquires-late-stage-200mw-solar-pv-project-ireland-gp-joule/,trade,
